[{"id":"612ec2a9ab0b50561da42b31","fechaCaptura":"2018-04-13T05:00:00Z","expediente":"IEEM/CG/SUB","institucionDependencia":{"nombre":"Instituto Electoral del Estado de México","siglas":"ieem","clave":"oau-004"},"particularSancionado":{"nombreRazonSocial":"PEDRO BARRUETA ESCOBAR","objetoSocial":"FISICA","tipoPersona":"F"},"objetoContrato":"","autoridadSancionadora":"OCTAVA SALA ESPECIALIZADA EN MATERIA DE RESPONSABILIDADES ADMINISTRATIVAS","tipoFalta":"ADMINISTRATIVA GRAVE","tipoSancion":[{"clave":"SE","valor":"SANCIÓN ECONÓMICA","descripcion":"SANCIÓN ECONÓMICA"}],"causaMotivoHechos":"UTILIZACIÓN DE INFORMACIÓN FALSA, ","acto":"","responsableSancion":{"nombres":"","primerApellido":"","segundoApellido":""},"resolucion":{"sentido":"","url":""},"multa":{"monto":7549,"moneda":{"clave":"MXN","valor":"Peso Mexicano"}},"observaciones":"","documentos":[]},{"id":"612ec2a9ab0b50561da42b36","fechaCaptura":"2019-05-20T05:00:00Z","expediente":"IEEM/CG/SUB","institucionDependencia":{"nombre":"Instituto Electoral del Estado de México","siglas":"ieem","clave":"oau-004"},"particularSancionado":{"nombreRazonSocial":"MÓNICA VIRGINIA MARTÍNEZ BRINGAS","objetoSocial":"PERSONA FÍSICA","tipoPersona":"F"},"objetoContrato":"","autoridadSancionadora":"NOVENA SALA ESPECIALIZADA EN MATERIA DE RESPONSABILIDADES ADMINISTRATIVAS","tipoFalta":"ADMINISTRATIVA GRAVE","tipoSancion":[{"clave":"SE","valor":"SANCIÓN ECONÓMICA","descripcion":"SANCIÓN ECONÓMICA"}],"causaMotivoHechos":"UTILIZACIÓN DE INFORMACIÓN FALSA, ","acto":"","responsableSancion":{"nombres":"","primerApellido":"","segundoApellido":""},"resolucion":{"sentido":"","url":""},"multa":{"monto":8060,"moneda":{"clave":"MXN","valor":"Peso Mexicano"}},"observaciones":"","documentos":[]}]