[{"id":"1","fechaCaptura":"2021-08-09T19:00:00Z","expediente":"SAN/011/2015","institucionDependencia":{"nombre":"SECRETARÍA DE COMUNICACIONES Y TRANSPORTES","siglas":"SCT_PUE","clave":"SCT"},"particularSancionado":{"nombreRazonSocial":"CONSTRUPUE DE MÉXICO S.A. de C.V.  ","objetoSocial":"CONTRATISTA","rfc":" ","domicilioMexico":{"pais":{},"entidadFederativa":{},"municipio":{},"localidad":{},"vialidad":{}},"domicilioExtranjero":{"pais":{}},"tipoPersona":"M","directorGeneral":{},"apoderadoLegal":{}},"objetoContrato":"OBRA PÚBLICA","autoridadSancionadora":"ORGANO INTERNO DE CONTROL DE LA SECRETARÍA DE LA FUNCIÓN PÚBLICA EN LA SECRETARÍA DE COMUNICACIONES Y TRANSPORTES","tipoFalta":"USO INFORMACIÓN FALSA","tipoSancion":[{"clave":"I","valor":"INHABILITADO"}],"causaMotivoHechos":"UTILIZACIÓN DE DOCUMENTACIÓN APÓCRIFA","acto":"CONTRATACIONES DE OBRA PÚBLICA","responsableSancion":{"nombres":"JORGE","primerApellido":"TRUJILLO","segundoApellido":"ABARCA"},"resolucion":{"sentido":"INHABILITACIÓN POR EL TÉRMINO DE 5 AÑOS","url":"","fechaNotificacion":"2017-01-31"},"multa":{"monto":0,"moneda":{"clave":"MXN","valor":"PESO MEXICANO"}},"inhabilitacion":{"plazo":"5 AÑOS","fechaInicial":"2017-02-13","fechaFinal":"2022-02-13"},"observaciones":"FALTA ADMINISTRATIVA DE PROCESOS LICITARIOS NOS. LO-00900999-N471-2013 EN VERACRUZ, LO-00900999-N35-2014 EN COLIMA, LO-00900999-T218-2014 EN SONORA, LO-009000999-T257-2013 EN YUCATÁN, DOCUMENTACIÓN FALSIFICADA PARA DEMOSTRAR LA EXPERIENCIA, ESPECIALIDAD Y CONTRATOS EN OBRAS SIMILARES A LA QUE SE LICITÓ, CONSISTENTE EN 8 CONTRATOS DE OBRA PÚBLICA A PRECIO DETERMINADO EN CADA UNO DE LOS 4 ESTADOS DE LA REPÚBLICA MEXICANA.","documentos":[]}]